md5_x,clamav,pred_bm,pred_proba_bm,pred_mc,pred_proba_mc,pred_bm_clam,pred_proba_bm_clam,pred_mc_clam,pred_proba_mc_clam,filename,family,software,orig_filename,emberscore,Unnamed: 0,path,prediction,confidence,positives,total,percent hits,md5_y,results,match_previous_alerts,label,family_label
187044596bc1328efa0ed636d8aa4a5c,OK,benign,0.507,family_4,0.539,benign,0.53,family_4,0.563,DriverSupport[1].exe,,,,0.9165330250715662,,,,,61,71,85.91549295774648,187044596bc1328efa0ed636d8aa4a5c,"W32.GenericReginN.Trojan, Backdoor.Regin.A, Generic.mg.187044596bc1328e, Trojan.Regin, Regin!sys, Unsafe, Trojan/Regin.a, Trojan:WinNT/Regin.89fbe490, Trojan ( 004b14751 ), Trojan ( 004b14751 ), heuristic, W32/Regin.A.gen!Eldorado, Backdoor.Regin, Win32/ASuspect.HRTDB, Malicious, generic.ml, HEUR:Trojan.Win32.Regin.gen, Backdoor.Regin.A, Trojan.Win32.Agent.ctndc, Trojan.Win32.Regin.11616, Win32:Regin-A [Rtk], Win32.Trojan.Regin.Dyqi, malicious (high confidence), Backdoor.Regin.A (B), Malware@#is9u5h4q1mc4, Trojan.TR/Regin.Gen, Trojan.Regin, Trojan.Agent.Win32.134214, TROJ_REGIN.A, Regin!sys, W32/Regin.A!tr, malicious.moderate.ml.score, Troj/Regin-Fam, Backdoor.Regin, W32/Regin.A.gen!Eldorado, Trojan/Regin.i, Trojan.Regin, TR/Regin.Gen, malware (ai score=99), Trojan/Win32.Regin, Backdoor.Regin.A, Trojan.Win32.Regin.4!c, HEUR:Trojan.Win32.Regin.gen, Trojan:WinNT/Regin.A!dha, Trojan/Win32.Regin.C409578, suspicious, Trojan.Regin.gen, Trojan.Regin, Backdoor.Regin.A, Backdoor.Agent.RE, Win32/Regin.A, TROJ_REGIN.A, Trojan.Regin!1.9FF9 (CLOUD), DFI - Suspicious PE, Trojan.Generic, Backdoor.Regin.A, Win32:Regin-A [Rtk], malicious.96bc13, Generic Malware, win/malicious_confidence_60% (W), Win32/Trojan.f56",-,malware,family_4
bad074e65646f848d84c22a4607b4dcb,OK,benign,0.521,family_1,0.572,benign,0.556,family_1,0.558,html_inpage_rendering_lib_200_246[1].js,,,,,,,,,0,58,0.0,bad074e65646f848d84c22a4607b4dcb,,-,benign,no_family
cc197c7051a5d1afb6d8039089474d55,OK,benign,0.521,family_1,0.547,benign,0.542,family_1,0.53,selectBox[1].js,,,,,,,,,0,58,0.0,cc197c7051a5d1afb6d8039089474d55,,-,benign,no_family
24d287bc682df048c7bd2b62138554d0,OK,benign,0.535,family_1,0.605,benign,0.53,family_1,0.588,SM5DNFnDVHq[1].js,,,,,,,,,0,58,0.0,24d287bc682df048c7bd2b62138554d0,,-,benign,no_family
6cad51da8e17541f049d80ab4c82c52d,OK,benign,0.554,family_1,0.571,benign,0.544,family_1,0.563,ast[1].js,,,,,,,,,0,58,0.0,6cad51da8e17541f049d80ab4c82c52d,,-,benign,no_family
bc196b97ac1cfcb74e262b7bb336061b,OK,benign,0.558,family_1,0.677,benign,0.573,family_1,0.676,social[1].js,,,,,,,,,0,58,0.0,bc196b97ac1cfcb74e262b7bb336061b,,-,benign,no_family
0f15f03330d69cb49783f87625c42242,OK,benign,0.571,family_1,0.601,benign,0.578,family_1,0.623,civicscience-widget-40d28dfc[1].js,,,,,,,,,0,57,0.0,0f15f03330d69cb49783f87625c42242,,-,benign,no_family
0a0d83f047fcfb1a1822b701ff347b43,OK,benign,0.597,family_4,0.536,benign,0.603,family_4,0.531,winzip23[1].exe,,,,0.016244223551190172,,,,,0,72,0.0,0a0d83f047fcfb1a1822b701ff347b43,,-,benign,no_family
0bcbcfa051c99fa77d73d821406b7813,OK,benign,0.609,family_1,0.584,benign,0.618,family_1,0.591,satelliteLib-7123a14bc11ffd1ad43be190a593a8932494dcb0[1].js,,,,,,,,,0,57,0.0,0bcbcfa051c99fa77d73d821406b7813,,-,benign,no_family
43a825c2306d28af6a743bf2e57673a4,OK,benign,0.636,family_1,0.48,benign,0.624,family_1,0.49,sSp1Bkg4X0I[1].js,,,,,,,,,0,57,0.0,43a825c2306d28af6a743bf2e57673a4,,-,benign,no_family
76bbcbac9dbd94c6dd84e74565d0bfdc,OK,benign,0.637,family_1,0.575,benign,0.664,family_1,0.563,string[1].js,,,,,,,,,0,58,0.0,76bbcbac9dbd94c6dd84e74565d0bfdc,,-,benign,no_family
9372d96dedaf538638e87468b2725994,OK,benign,0.648,family_1,0.583,benign,0.659,family_1,0.622,all[2].js,,,,,,,,,0,57,0.0,9372d96dedaf538638e87468b2725994,,-,benign,no_family
8fe4c71995e4887a26dbf8a946e3dc27,OK,benign,0.651,family_1,0.578,benign,0.624,family_1,0.566,bxslider[1].js,,,,,,,,,0,51,0.0,8fe4c71995e4887a26dbf8a946e3dc27,,-,benign,no_family
fbf4963efb2c77c30945428a243a8741,OK,benign,0.662,family_1,0.483,benign,0.638,family_1,0.484,0.commons.en.06a750caea28350212ee[1].js,,,,,,,,,0,58,0.0,fbf4963efb2c77c30945428a243a8741,,-,benign,no_family
64fb8107dd7a25ed91ec7e3a449da1a7,OK,benign,0.797,family_4,0.589,benign,0.787,family_4,0.566,setup-stub[1].exe,,,,0.011208219973233196,,,,,0,69,0.0,64fb8107dd7a25ed91ec7e3a449da1a7,,-,benign,no_family
da5765d8e612b3c1004cf478f7df28f1,OK,benign,0.815,family_4,0.445,benign,0.794,family_4,0.425,pagedfrg[1].exe,,,,0.027841458205274228,,,,,0,71,0.0,da5765d8e612b3c1004cf478f7df28f1,,-,benign,no_family
387a1e98be548e4f199343cba01e9d6d,OK,benign,0.825,family_4,0.442,benign,0.813,family_4,0.429,7z1900[2].exe,,,,0.003653238195935277,,,,,0,70,0.0,387a1e98be548e4f199343cba01e9d6d,,-,benign,no_family
9ab9cd13ea34bdd31ee03dcadd3fceba,OK,benign,0.833,family_4,0.444,benign,0.831,family_4,0.431,vlc-2.4.6-win32[2].exe,,,,0.0042044101915310285,,,,,0,70,0.0,9ab9cd13ea34bdd31ee03dcadd3fceba,,-,benign,no_family
b89ff4caf0b1982094aa949598fb6b82,OK,benign,0.842,family_4,0.583,benign,0.828,family_4,0.532,ChromeStandaloneSetup64[2].exe,,,,0.02355187045431934,,,,,0,70,0.0,b89ff4caf0b1982094aa949598fb6b82,,-,benign,no_family
318fd5e86a279aaf87b33de3544515a6,OK,malware,0.512,family_1,0.68,benign,0.519,family_1,0.665,Enabler_01_231[1].js,,,,,,,,,0,59,0.0,318fd5e86a279aaf87b33de3544515a6,,-,benign,no_family
dedbea672491c9b1bcecd69da8be7ca0,OK,malware,0.512,family_1,0.673,benign,0.507,family_1,0.663,Enabler_01_223[1].js,,,,,,,,,0,58,0.0,dedbea672491c9b1bcecd69da8be7ca0,,-,benign,no_family
690f308362f1791c5b9cb51970939a4e,OK,malware,0.532,family_1,0.624,malware,0.518,family_1,0.621,e3-082b89[2].js,,,,,,,,,0,56,0.0,690f308362f1791c5b9cb51970939a4e,,-,malware,family_1
4e744a421f856125ff29c93e5d3d21c2,OK,malware,0.534,family_1,0.621,malware,0.52,family_1,0.62,e3-082b89[1].js,,,,,,,,,0,58,0.0,4e744a421f856125ff29c93e5d3d21c2,,-,malware,family_1
7119eff8dc6d37a4bbd7c2605fdca2d5,OK,malware,0.54,family_4,0.503,malware,0.534,family_4,0.552,modal[1].js,,,,,,,,,0,55,0.0,7119eff8dc6d37a4bbd7c2605fdca2d5,,-,malware,family_4
42de8c533e3390c7e7349cb160668fd6,OK,malware,0.541,family_1,0.618,malware,0.558,family_1,0.618,5.pages_permalink.en.d01701ba3cce1f0d3917[1].js,,,,,,,,,0,56,0.0,42de8c533e3390c7e7349cb160668fd6,,-,malware,family_1
4961852d115763e46c5b485cc764bab5,OK,malware,0.545,family_1,0.591,malware,0.534,family_1,0.58,1e-fd610f[1].js,,,,,,,,,0,58,0.0,4961852d115763e46c5b485cc764bab5,,-,malware,family_1
3a97d5efbe409357ea019c843f4b4ab0,OK,malware,0.545,family_1,0.669,malware,0.528,family_1,0.67,rs=AA2YrTudU5lHn6LvcyxxdTWkog4MxXavZA[1].js,,,,,,,,,0,56,0.0,3a97d5efbe409357ea019c843f4b4ab0,,-,malware,family_1
237deb39b703995ff0d978cd84f5dca0,OK,malware,0.561,family_1,0.603,malware,0.557,family_1,0.622,"m=AqJcmc,F8FRnd,NBZ7u,TxZWcc,VugqBb,XMgU6d,XjCeUc,aa,aam1T,abd,aspn,async,bgd,dvl,foot,lli,lu,m,mUpTid,mpck,mu,pe,qik19b,sb_wiz,sf,shrb,tcc,tl,tnqaT,vs,xz7cCd[1].js",,,,,,,,,0,56,0.0,237deb39b703995ff0d978cd84f5dca0,,-,malware,family_1
beca0b0fd2edb09a2ad2227634c8ce49,OK,malware,0.561,family_1,0.686,malware,0.558,family_1,0.678,vglnk[1].js,,,,,,,,,0,56,0.0,beca0b0fd2edb09a2ad2227634c8ce49,,-,malware,family_1
1376ca49f975a0c64f6b3de5ccab0531,OK,malware,0.575,family_1,0.64,malware,0.547,family_1,0.644,plusone[1].js,,,,,,,,,0,57,0.0,1376ca49f975a0c64f6b3de5ccab0531,,-,malware,family_1
52aa469570e7f09f519e54bf2e359b2f,OK,malware,0.577,family_4,0.751,malware,0.553,family_4,0.738,71b450b0[1].js,,,,,,,,,0,57,0.0,52aa469570e7f09f519e54bf2e359b2f,,-,malware,family_4
c5260d4d4d139caa68158a46c1c4288a,OK,malware,0.578,family_1,0.661,malware,0.597,family_1,0.649,meversion[1].js,,,,,,,,,0,57,0.0,c5260d4d4d139caa68158a46c1c4288a,,-,malware,family_1
e8bbee2cbff1b997eae9a5d623c6a410,OK,malware,0.59,family_1,0.712,malware,0.585,family_1,0.718,tweenmax_2.0.1_min[1].js,,,,,,,,,0,57,0.0,e8bbee2cbff1b997eae9a5d623c6a410,,-,malware,family_1
39336d98a648b30602e16b3b6e5d1959,OK,malware,0.592,family_1,0.609,malware,0.579,family_1,0.605,meCore.min[1].js,,,,,,,,,0,58,0.0,39336d98a648b30602e16b3b6e5d1959,,-,malware,family_1
877feca6accd7ed8a15e312886c15b80,OK,malware,0.605,family_4,0.711,malware,0.612,family_4,0.728,slick-init[1].js,,,,,,,,,0,57,0.0,877feca6accd7ed8a15e312886c15b80,,-,malware,family_4
5d3753b2336d3b1160a21248b4e4b363,OK,malware,0.606,family_4,0.666,malware,0.596,family_4,0.69,greensock_Animations[1].js,,,,,,,,,0,57,0.0,5d3753b2336d3b1160a21248b4e4b363,,-,malware,family_4
1e52960c65442620ee785427fdb97af2,OK,malware,0.61,family_4,0.814,malware,0.601,family_4,0.791,user[1].js,,,,,,,,,0,56,0.0,1e52960c65442620ee785427fdb97af2,,-,malware,family_4
a73521abd397b2269cbbd8545b5482a7,OK,malware,0.631,family_1,0.677,malware,0.622,family_1,0.666,dv-measurements264[1].js,,,,,,,,,0,57,0.0,a73521abd397b2269cbbd8545b5482a7,,-,malware,family_1
4644fce637be1020e6f90e5972877871,OK,malware,0.636,family_4,0.791,malware,0.625,family_4,0.779,c6376e53[1].js,,,,,,,,,0,56,0.0,4644fce637be1020e6f90e5972877871,,-,malware,family_4
a09e13ee94d51c524b7e2a728c7d4039,OK,malware,0.636,family_1,0.754,malware,0.629,family_1,0.745,jquery-3.3.1.min[2].js,,,,,,,,,0,57,0.0,a09e13ee94d51c524b7e2a728c7d4039,,-,malware,family_1
47f5157bd8cd60839f7ec2ffded53c43,OK,malware,0.638,family_4,0.794,malware,0.628,family_4,0.78,b2fe50be[1].js,,,,,,,,,0,56,0.0,47f5157bd8cd60839f7ec2ffded53c43,,-,malware,family_4
397754ba49e9e0cf4e7c190da78dda05,OK,malware,0.648,family_1,0.749,malware,0.617,family_1,0.744,jquery.min[1].js,,,,,,,,,0,56,0.0,397754ba49e9e0cf4e7c190da78dda05,,-,malware,family_1
f22cdae08a634ad834dc1d5a1eed326f,OK,malware,0.651,family_1,0.695,malware,0.672,family_1,0.694,"m=aa,abd,async,dvl,foot,ifl,lu,m,mUpTid,mu,sb_wiz,sf,xz7cCd[1].js",,,,,,,,,0,57,0.0,f22cdae08a634ad834dc1d5a1eed326f,,-,malware,family_1
378087a64e1394fc51f300bb9c11878c,OK,malware,0.654,family_1,0.717,malware,0.651,family_1,0.709,jquery-3.3.1.min[1].js,,,,,,,,,0,57,0.0,378087a64e1394fc51f300bb9c11878c,,-,malware,family_1
bcdee19dffd94f8d58af36321cf68c97,OK,malware,0.663,family_1,0.693,malware,0.652,family_1,0.665,jquery.mCustomScrollbar.concat.min[1].js,,,,,,,,,0,57,0.0,bcdee19dffd94f8d58af36321cf68c97,,-,malware,family_1
ace459510b3abf692719b2400082d19a,OK,malware,0.666,family_1,0.63,malware,0.655,family_1,0.627,dvtp_src[1].js,,,,,,,,,0,59,0.0,ace459510b3abf692719b2400082d19a,,-,malware,family_1
d489c97259ea17eb25f23122f39a51d6,OK,malware,0.672,family_1,0.644,malware,0.665,family_1,0.653,chartbeat[1].js,,,,,,,,,0,56,0.0,d489c97259ea17eb25f23122f39a51d6,,-,malware,family_1
96c3de5f40caba7a759b0724f99171ee,OK,malware,0.689,family_1,0.655,malware,0.684,family_1,0.648,fcmdynet[2].js,,,,,,,,,0,55,0.0,96c3de5f40caba7a759b0724f99171ee,,-,malware,family_1
6d642fb9210c854f39bcc68a59a5e337,OK,malware,0.694,family_1,0.657,malware,0.691,family_1,0.659,UFYwWwmt[1].js,,,,,,,,,0,58,0.0,6d642fb9210c854f39bcc68a59a5e337,,-,malware,family_1
415daebee6888069f0c30e43134edf98,OK,malware,0.701,family_1,0.687,malware,0.684,family_1,0.67,analytics[1].js,,,,,,,,,0,58,0.0,415daebee6888069f0c30e43134edf98,,-,malware,family_1
7a5ee3e650e9c155d4fc726628e54657,OK,malware,0.701,family_1,0.622,malware,0.707,family_1,0.619,sp-frame[1].js,,,,,,,,,0,58,0.0,7a5ee3e650e9c155d4fc726628e54657,,-,malware,family_1
58877f6f56c4e2d47525aadc8467d1c6,OK,malware,0.705,family_4,0.84,malware,0.691,family_4,0.825,tpm[1].js,,,,,,,,,0,55,0.0,58877f6f56c4e2d47525aadc8467d1c6,,-,malware,family_4
f3e6738ffb331bc091693fc4fcd43cb8,OK,malware,0.714,family_1,0.682,malware,0.695,family_1,0.66,osd_listener[1].js,,,,,,,,,0,58,0.0,f3e6738ffb331bc091693fc4fcd43cb8,,-,malware,family_1
08727e57efbdac291aee21a4f2cd66e4,OK,malware,0.716,family_1,0.561,malware,0.689,family_1,0.583,bootstrap.min[1].js,,,,,,,,,0,56,0.0,08727e57efbdac291aee21a4f2cd66e4,,-,malware,family_1
f2704c531682168b73614cf27e99a093,OK,malware,0.717,family_1,0.672,malware,0.724,family_1,0.666,lidar[1].js,,,,,,,,,0,58,0.0,f2704c531682168b73614cf27e99a093,,-,malware,family_1
73b302746d1362345f7a2585423df862,OK,malware,0.723,family_1,0.651,malware,0.709,family_1,0.639,fcmdynet[1].js,,,,,,,,,0,57,0.0,73b302746d1362345f7a2585423df862,,-,malware,family_1
b3bfd119a5ab868cdbfb6a0351292127,OK,malware,0.731,family_1,0.542,malware,0.753,family_1,0.553,4Z-L0ekgYZa[1].js,,,,,,,,,0,57,0.0,b3bfd119a5ab868cdbfb6a0351292127,,-,malware,family_1
9a750b33558b6cd6f1c0b9fe4ca1ff66,OK,malware,0.732,family_4,0.539,malware,0.711,family_4,0.552,a1-bf731c-68ddb2ab[1].js,,,,,,,,,0,58,0.0,9a750b33558b6cd6f1c0b9fe4ca1ff66,,-,malware,family_4
f1f4b1ca8494b5f998fba782aedfab14,OK,malware,0.738,family_1,0.668,malware,0.725,family_1,0.661,osd[1].js,,,,,,,,,0,56,0.0,f1f4b1ca8494b5f998fba782aedfab14,,-,malware,family_1
09e91a8afeedfa6d21784d6f865725c8,OK,malware,0.755,family_1,0.591,malware,0.746,family_1,0.584,m=Uuupec[1].js,,,,,,,,,0,57,0.0,09e91a8afeedfa6d21784d6f865725c8,,-,malware,family_1
9ce8eb2fb2db65ecf23e45b29989ce76,OK,malware,0.757,family_1,0.577,malware,0.774,family_1,0.59,gwddoubleclick_min[1].js,,,,,,,,,0,57,0.0,9ce8eb2fb2db65ecf23e45b29989ce76,,-,malware,family_1
5fdb6ad4f25332221c4d4766ba756ae9,OK,malware,0.757,family_1,0.542,malware,0.734,family_1,0.531,MeControl[1].js,,,,,,,,,0,58,0.0,5fdb6ad4f25332221c4d4766ba756ae9,,-,malware,family_1
26d5c5dd7c280fa90f88a152bb557441,OK,malware,0.761,family_1,0.633,malware,0.772,family_1,0.639,9a358300[1].js,,,,,,,,,0,58,0.0,26d5c5dd7c280fa90f88a152bb557441,,-,malware,family_1
ed9305c03a51499d762cc6547950347e,OK,malware,0.762,family_1,0.572,malware,0.752,family_1,0.523,slick.min[1].js,,,,,,,,,0,58,0.0,ed9305c03a51499d762cc6547950347e,,-,malware,family_1
5f232d3ca185bfd98a0dea4e7d3f91cf,OK,malware,0.772,family_4,0.637,malware,0.769,family_4,0.65,6323ce42[1].js,,,,,,,,,0,56,0.0,5f232d3ca185bfd98a0dea4e7d3f91cf,,-,malware,family_4
270d1e6437f036799637f0e1dfbdcab5,OK,malware,0.789,family_4,0.609,malware,0.78,family_4,0.608,6fb5e8ee[1].js,,,,,,,,,0,57,0.0,270d1e6437f036799637f0e1dfbdcab5,,-,malware,family_4
8d6023bfd3e7b65a08a999c1b7365082,OK,malware,0.795,family_4,0.697,malware,0.783,family_4,0.697,target[1].js,,,,,,,,,0,58,0.0,8d6023bfd3e7b65a08a999c1b7365082,,-,malware,family_4
8aa44a43984d65ffc6df173e6e7b5aa7,OK,malware,0.8,family_4,0.709,malware,0.789,family_4,0.712,40e1b425[1].js,,,,,,,,,0,57,0.0,8aa44a43984d65ffc6df173e6e7b5aa7,,-,malware,family_4
e2fc35e17be18c71617bcef6ec939b1a,OK,malware,0.813,family_4,0.52,malware,0.801,family_4,0.513,googbase_min[1].js,,,,,,,,,0,58,0.0,e2fc35e17be18c71617bcef6ec939b1a,,-,malware,family_4
41314f2f914bc70cca19ed32a9e64178,Win.Trojan.Poison-1504,malware,0.819,family_6,0.43,malware,0.829,family_6,0.415,Setup[1].exe,,,,0.07020502470132496,,,,,49,71,69.01408450704226,41314f2f914bc70cca19ed32a9e64178,"Trojan.Generic.8599255, Generic.mg.41314f2f914bc70c, Trojandownloader.Poison, Generic.dx!41314F2F914B, Unsafe, Trojan.Win32.Poison.4!c, Trojan/Jorik.PoisonIvy.rr, Backdoor:Win32/Poison.8127bed1, Trojan ( 003327b41 ), Trojan ( 003327b41 ), BKDR_POISONDLD.A, Trojan.Win32.Agent.jrwrv, Trojan.Gen, generic.ml, Win.Trojan.Poison-1504, Backdoor.Win32.Poison.ijiq, Trojan.Generic.8599255, Trojan.Agent/Gen-Vbaj, Win32.Trojan.Poisondld.Ozhx, malicious (high confidence), Troj/DwnLdr-JNS, Malware@#337jvhg0j4pwd, Trojan.TR/Dropper.Gen, Win32.HLLW.Autoruner1.11186, Trojan.Jorik.Win32.37421, Generic.dx!41314F2F914B, suspicious.low.ml.score, Trojan.Win32.Jorik.PoisonIvy!O, Trojan.Generic.8599255 (B), Backdoor.Win32.PoisonIvy, W32.Trojan.Gen, TR/Dropper.Gen, Trojan/Win32.SGeneric, Trojan.Generic.D8336D7, Trojan.Win32.Jorik.20480.B, Backdoor.Win32.Poison.ijiq, TrojanDownloader:Win32/Poison.A, Win-Trojan/Jorik.20480.K, Trojan.Generic.8599255, malware (ai score=81), Trojan.Generic.8599255, Win32/Poison.NII, BKDR_POISONDLD.A, Backdoor.Poison!8.2D7 (CLOUD), Trojan.Generic.8599255, FileRepMalware, malicious.f914bc, Generic Malware, Win32/Backdoor.3b9",-,malware,family_6
c9b3720b2d2303794437e8dc33c553fc,OK,malware,0.821,family_1,0.606,malware,0.809,family_1,0.599,visit[2].js,,,,,,,,,0,58,0.0,c9b3720b2d2303794437e8dc33c553fc,,-,malware,family_1
2aeedc17bc3e604b70f86052c56c481f,OK,malware,0.825,family_4,0.621,malware,0.836,family_4,0.604,1BjrYUERys4[1].js,,,,,,,,,0,58,0.0,2aeedc17bc3e604b70f86052c56c481f,,-,malware,family_4
fa5ce8d8765dbb0452204f64098e6414,OK,malware,0.829,family_4,0.661,malware,0.818,family_4,0.636,gwd-events-support.1.0[1].js,,,,,,,,,0,58,0.0,fa5ce8d8765dbb0452204f64098e6414,,-,malware,family_4
1fbf46947339f45348ca6c04af551758,OK,malware,0.834,family_1,0.556,malware,0.831,family_1,0.548,"m=IkchZc,r36a9c,xj7LNb[1].js",,,,,,,,,0,57,0.0,1fbf46947339f45348ca6c04af551758,,-,malware,family_1
3244444f3dd20162e80d77dd4f90dcbd,OK,malware,0.835,family_1,0.536,malware,0.814,family_1,0.565,Cl2dymedIA-VFuVqoWip4cLQyu6oxepe64NUmB0Uk1I[2].js,,,,,,,,,0,57,0.0,3244444f3dd20162e80d77dd4f90dcbd,,-,malware,family_1
14f5537e827640cb6dc48af9f5054dbd,OK,malware,0.837,family_1,0.517,malware,0.815,family_1,0.505,37529936[1].js,,,,,,,,,0,56,0.0,14f5537e827640cb6dc48af9f5054dbd,,-,malware,family_1
b9abf6ffc2aa06b6107da77f37ea733f,OK,malware,0.845,family_1,0.609,malware,0.824,family_1,0.599,visit[1].js,,,,,,,,,0,58,0.0,b9abf6ffc2aa06b6107da77f37ea733f,,-,malware,family_1
ac1ba9a18033f7bcf524b37ca4303343,OK,malware,0.846,family_4,0.587,malware,0.84,family_4,0.593,mediamain[1].js,,,,,,,,,18,58,31.03448275862069,ac1ba9a18033f7bcf524b37ca4303343,"JS:Trojan.JS.Downloader.HCT, Trojan.Script.Heuristic-js.iacgm, JS.Downloader.D, HEUR:Trojan-Downloader.Script.Generic, JS:Trojan.JS.Downloader.HCT, Trojan.Script.Generic.4!c, Js.Trojan.Js.Lmkp, JS:Trojan.JS.Downloader.HCT, JS:Trojan.JS.Downloader.HCT (B), JS:Trojan.JS.Downloader.HCT, JS:Trojan.JS.Downloader.HCT, HEUR:Trojan-Downloader.Script.Generic, Trojan:JS/Foretype.A!ml, JS:Trojan.JS.Downloader.HCT, malware (ai score=99), Trojan-Downloader.JS.Nemucod, JS:Trojan.JS.Downloader.HCT, virus.js.qexvmc.1",-,malware,family_4
2264c8e313a32f4ba2d80463c5e71a49,OK,malware,0.859,family_1,0.506,malware,0.869,family_1,0.539,m=sYcebf[1].js,,,,,,,,,0,58,0.0,2264c8e313a32f4ba2d80463c5e71a49,,-,malware,family_1
6d9f426b46833ed1cd347887bdbf69d9,OK,malware,0.871,family_4,0.514,malware,0.849,family_4,0.558,182800dc[1].js,,,,,,,,,1,57,1.7543859649122806,6d9f426b46833ed1cd347887bdbf69d9,HEUR_JS.O.ELBP,-,malware,family_4
61533293909d97252c70e82bd574ba68,OK,malware,0.877,family_4,0.589,malware,0.875,family_4,0.604,ad55ad36[1].js,,,,,,,,,0,58,0.0,61533293909d97252c70e82bd574ba68,,-,malware,family_4
77e5196d684493a206ff3103828bc2f0,OK,malware,0.88,family_4,0.52,malware,0.866,family_4,0.523,33036ea1[1].js,,,,,,,,,0,58,0.0,77e5196d684493a206ff3103828bc2f0,,-,malware,family_4
e79ae5ba0858a6194a4a0765cf17c69e,OK,malware,0.882,family_4,0.635,malware,0.875,family_4,0.642,cb446ca9[1].js,,,,,,,,,0,56,0.0,e79ae5ba0858a6194a4a0765cf17c69e,,-,malware,family_4
c08bc7495404bbdc140c03d0aba436f4,Js.Trojan.Nemucod-2,malware,0.886,family_1,0.846,malware,0.876,family_1,0.832,verify[1].js,,,,,,,,,40,58,68.96551724137932,c08bc7495404bbdc140c03d0aba436f4,"JS:Trojan.Emeka.249, JS:Trojan.Emeka.249, JS.MALURL.F, JS/Nemucod.fk, JS.Trojan.Nemucod.by, Trojan.Script.Locky.ebfmwa, JS/Locky.Q.gen, JS.Downloader, JS/TrojanDownloader.Nemucod.MW, JS_NEMUCOD.SMK, JS:Downloader-ERD [Trj], Js.Trojan.Nemucod-2, Trojan-Downloader.JS.Agent.jmy, JS:Trojan.Emeka.249, Heur:Trojan.Script.LS_Gencirc.7033975.6, JS:Trojan.Emeka.249, JS:Trojan.Emeka.249 (B), TrojWare.JS.TrojanDownloader.Nemucod.MW@7b6oom, Malware.JS/Dldr.Locky.LO.1, JS.DownLoader.1212, Trojan-Downloader.JS.Nemucod.c (v), JS_NEMUCOD.SMK, JS/Nemucod.fk, Mal/JSDldr-B, JS/Locky.Q.gen, Heur:TrojanDownloader.Ransom.c, JS/Dldr.Locky.LO.1, JS/Nemucod.7481!tr, Trojan[Downloader]/JS.Nemucod.mw, JS:Trojan.Emeka.249, Trojan.JS.Agent.a!c, Trojan-Downloader.JS.Agent.jmy, TrojanDownloader:JS/Swabfex.C, JS:Trojan.Emeka.249, malware (ai score=86), Trojan.Script.VBS.Downloader.l (CLASSIC), Trojan-Ransom.Script.Locky, JS:Trojan.Emeka.249, JS:Downloader-ERD [Trj], trojan.js.downloader.1",-,malware,family_1
b2b5e2e832e81450c1a35cb46f153f89,OK,malware,0.887,family_4,0.561,malware,0.874,family_4,0.559,c6f6e566[1].js,,,,,,,,,0,57,0.0,b2b5e2e832e81450c1a35cb46f153f89,,-,malware,family_4
fd88c51edb7fcfe4f8d0aa2763cebe4a,OK,malware,0.89,family_4,0.642,malware,0.887,family_4,0.654,c9969752[1].js,,,,,,,,,0,57,0.0,fd88c51edb7fcfe4f8d0aa2763cebe4a,,-,malware,family_4
c4968e93227e4e9e7ac8f4e2a3c83c76,OK,malware,0.895,family_4,0.622,malware,0.881,family_4,0.633,beacon[1].js,,,,,,,,,0,59,0.0,c4968e93227e4e9e7ac8f4e2a3c83c76,,-,malware,family_4
0fd0568e7b5068e209ac15210ae56ff2,OK,malware,0.9,family_4,0.667,malware,0.899,family_4,0.681,f8c6dd44[1].js,,,,,,,,,0,58,0.0,0fd0568e7b5068e209ac15210ae56ff2,,-,malware,family_4
7ada9104ccde3fdfb92233c8d389c582,OK,malware,0.9,family_4,0.682,malware,0.893,family_4,0.705,41-0bee62-68ddb2ab[1].js,,,,,,,,,0,58,0.0,7ada9104ccde3fdfb92233c8d389c582,,-,malware,family_4
e9deeb599156be780ff7e3ff78fe724c,Win.Malware.Nemucod-6769661-0,malware,0.928,family_1,0.865,malware,0.915,family_1,0.867,"m=IkchZc,r36a9c,xj7LNb[2].js",,,,,,,,,40,58,68.96551724137932,e9deeb599156be780ff7e3ff78fe724c,"JS:Trojan.JS.Downloader.HT, JS:Trojan.JS.Downloader.HT, JS.Locky.M, JS/Nemucod.ik, Trojan-Downloader.JS.Nemucod.c (v), JS.Trojan-Downloader.Nemucod.v, Trojan.Script.Nemucod.ebwcxu, JS/Locky.X.gen, JS.Downloader, JS/TrojanDownloader.Nemucod.UH, JS_LOCKY.SM1, JS:Downloader-CZH [Trj], Win.Malware.Nemucod-6769661-0, Trojan-Downloader.JS.Cryptoload.tj, JS:Trojan.JS.Downloader.HT, Trojan.JS.Cryptoload.4!c, Html.Win32.Script.503814, JS:Trojan.JS.Downloader.HT, JS/Agent-ARKR, TrojWare.JS.TrojanDownloader.Agent.REN@6qivl2, Malware.JS/Dldr.Locky.PW, Trojan.DownLoader26.1647, JS_LOCKY.SM1, JS/Nemucod.ik, JS:Trojan.JS.Downloader.HT (B), JS/Locky.X.gen, JS/Dldr.Locky.PW, JS/Nemucod.US!tr, Trojan[Downloader]/JS.Nemucod.yw, JS:Trojan.JS.Downloader.HT, Trojan-Downloader.JS.Cryptoload.tj, TrojanDownloader:JS/Swabfex.P, JS/Obfus.S28, JS:Trojan.JS.Downloader.HT, malware (ai score=100), Trojan.DL-Locky!1.A4D0 (CLASSIC), Trojan-Ransom.Script.Locky, JS:Trojan.JS.Downloader.HT, JS:Downloader-CZH [Trj], trojan.js.downloader.1",-,malware,family_1
a4b0b0e47e201b6c268f178632802294,Txt.Downloader.Nemucoda-6769701-0,malware,0.992,family_1,0.98,malware,0.997,family_1,0.971,dvbs_src_internal63[1].js,,,,,,,,,41,58,70.6896551724138,a4b0b0e47e201b6c268f178632802294,"JS.TrojanDownloader., Generic.JS.NemucodA.E76EBB1A, JS.Locky.FB, JS/Nemucod.jt, JS.Trojan-Downloader.Nemucod.ku, Trojan.Script.Heuristic-js.iacgm, JS/Locky.AZ5, JS.Downloader, JS/TrojanDownloader.Nemucod.AYN, JS_NEMUCOD.SMAA7, JS:Downloader-DOO [Trj], Txt.Downloader.Nemucoda-6769701-0, Trojan-Downloader.JS.Agent.mmr, Generic.JS.NemucodA.E76EBB1A, JS.Downloader.62706, Unk.Win32.Script.400751, Generic.JS.NemucodA.E76EBB1A, Generic.JS.NemucodA.E76EBB1A (B), TrojWare.JS.TrojanDownloader.Agent.AYM@75gihm, Malware.JS/Dldr.Locky.71881, JS.DownLoader.2210, JS_NEMUCOD.SMAA7, JS/Nemucod.jt, Generic.JS.NemucodA.E76EBB1A, JS/DwnLdr-ORN, JS/Locky.AZ5, TrojanDownloader.JS.bhrt, JS/Dldr.Locky.71881, Trojan[Downloader]/JS.Nemucod.ayn, Generic.JS.NemucodA.E76EBB1A, Trojan.JS.Agent.a!c, Trojan-Downloader.JS.Agent.mmr, TrojanDownloader:JS/Swabfex.C, JS/Obfus.S135, Generic.JS.NemucodA.E76EBB1A, malware (ai score=82), Downloader.Nemucod!8.34 (TOPIS:E0:Uk1EhPGpNuH), Trojan-Ransom.Script.Locky, Generic.JS.NemucodA.E76EBB1A, JS:Downloader-DOO [Trj], virus.js.qexvmc.1",-,malware,family_1
